Date,img_path,0,1,2,3,4
2019-07-24,134ScribblingfromDublincastle--------3.jpg,#d3d2da,#caa7ac,#b9878a,#a26467,#8a4346
2019-07-27,132Sawaguywithpigtailsinhisbeardf.jpg,#e0ad7f,#d18d5b,#917b67,#a45a31,#7b3417
2019-07-29,131Warsawisdamnprettytbh------0.jpg,#e6cab0,#d5907b,#af6856,#884635,#1f120c
2019-07-30,129Beforeandafter--------b.jpg,#e3c6ae,#c9977c,#ae775c,#aa522f,#5d4438
2019-08-03,127KrakowKathedral--therearetoomanybuildingstodrawinthiscity------5.jpg,#c7cbce,#bdaca6,#ae8679,#976051,#3f404d
2019-08-04,126CouplemorefromKrakow--e.jpg,#a0bcc8,#62a6c5,#838e93,#308ab1,#4b575d
2019-08-07,123Toooooorists------8.jpg,#debdad,#cd917a,#9a7b6c,#af6247,#5c4238
2019-08-09,122AcoupleofdaysbytheVltavariverinPrague------c.jpg,#cdd1cf,#b1b4b1,#7ba0af,#4188a5,#4e3e32
2019-08-10,118TheOverlookHotelPraguepalace------5.jpg,#d9ccc7,#cda99e,#be8174,#a7584c,#1d1714
2019-08-11,117SomekindofministrybuildinginPrague--------7.jpg,#cac2b5,#8d9899,#397995,#655b57,#2f2925
2019-08-14,116DaybythecanalsinVienna------9.jpg,#d2c7c2,#bfa297,#938b88,#b17a67,#904e3e
2019-08-14,115Waitingfortheartgallerytoopen--------9.jpg,#c7c1b9,#98a5a8,#7c8483,#3c748e,#2e2925
2019-08-18,113MesittinginthesuninBratislava------c.jpg,#8db9cd,#5ea5c4,#6c9aae,#3994b9,#0e7eaf
2019-08-18,114LastonefromVienna-BelvederePalace------4.jpg,#d2c1a9,#c99e80,#c07a59,#8a7d6d,#a45b3c
2019-08-18,112BeersbytheriverinBratislava------5.jpg,#a8c1ce,#87abbc,#669bb2,#418aab,#1b6f98
2019-08-19,108AnotherviewoftheTempleofStNicholas-yup-------1.jpg,#b8d0ea,#a2b3ca,#7c9dba,#4682ad,#1b6095
2019-08-19,109TheclocktowerinBratislava------1.jpg,#dabfa4,#bbac96,#8c9591,#617c83,#3b626f
2019-08-19,110TFWyouforgettoleaveenoughroomonthepageforthesteepleofthechurch------1.jpg,#ced5da,#a7b1b8,#7e9db1,#4f83a3,#21648f
2019-08-19,111MorningfromBratislavaCastle--------1.jpg,#d8ddd4,#b8c8c7,#8abaca,#5ba3be,#2591bc
2019-08-24,107LovingthesetreesliningthestreetsinBudapest------0.jpg,#c9cece,#b4b4b3,#a29997,#8f7771,#835146
2019-08-24,106Boughtsomeorangecrayons--------4.jpg,#c9bcae,#baad9f,#ac9e91,#b5896f,#ac6d49
2019-08-26,105TryingsomenewcolourcombinationsinBudapest------1.jpg,#d6c8b5,#c9a582,#ab8462,#846549,#674d36
2019-08-29,102I-llsingyouasongasongofthesea--------1.jpg,#c6c4bf,#aeaca8,#9a9895,#83817f,#656461
2019-08-29,104--------1.jpg,#d5d6d8,#cbc7c0,#c2b4a4,#cca27c,#a49d95
2019-08-29,103BackinLondonforafewdays------1.jpg,#d5d4cc,#c3c2bb,#caab94,#c68a66,#869297
2019-09-03,101Scream------1.jpg,#c7c5c0,#b5b1ab,#9e9a95,#827f7a,#625e5a
2019-09-08,100Cat-------1.jpg,#ada491,#a09685,#928579,#7d726e,#6a575c
2019-09-08,99GalleFacewiththeportinthebackground------1.jpg,#cfd2cf,#b0b5ba,#989ea5,#7e8289,#5d6269
2019-09-17,98Coolglassesbro------3.jpg,#c4c0ba,#b2afa9,#a19f9a,#8a8884,#716f6b
2019-09-21,97Morningcoffee5.jpg,#c8cac7,#b5b7b6,#a3a3a1,#898a88,#6c6d6b
2019-10-07,96Mouseinthehouse9.jpg,#c9c1ba,#aaa69e,#98948b,#837f78,#686660
2019-10-08,95Scribblingaprofileishard4.jpg,#bbc1bd,#aeb4af,#a2a6a1,#969a95,#7e837f
2019-10-09,94Atthebar9.jpg,#cec6bc,#b4afa8,#9f9d99,#898784,#6d6c69
2019-10-13,93Fortrailwaybuses1.jpg,#b1c0c2,#a1adb0,#8e9b9e,#738287,#58676e
2019-10-30,90Gotsomenewcolours9.jpg,#c4cac9,#a8aaa7,#9c9c99,#8f8581,#805f57
2019-11-10,88Omah8.jpg,#b5b8b2,#a3a49e,#9d948b,#958176,#886b5f
2019-11-10,89Lipsss6.jpg,#c6c7c3,#b0ada5,#a39e92,#998d80,#8c7565
2019-11-14,86Flatness3.jpg,#cfd8cf,#b1b2a9,#a19688,#8c7c6d,#7e604c
2019-11-15,85Atthelibrary6.jpg,#c7c6c0,#b5b1a9,#a69d90,#8f847b,#80665a
2019-11-16,84Hatman3.jpg,#9eb9c6,#95a7b0,#89949b,#7c7f82,#766361
2019-11-17,83Schucks2.jpg,#a49c8d,#8d8372,#7c6f5f,#6e5847,#5a3c2a
2019-12-07,82BeenwatchingafairbitofDisney5.jpg,#d3d3cb,#c7c3b6,#bab1a0,#b69b84,#a27c63
2019-12-08,81Ihopeitwilllast8.jpg,#c3c3bd,#b3aea7,#a1948b,#97786c,#855b4d
2019-12-09,80Squareeyed8.jpg,#b7bbb6,#a9aaa6,#9f9a95,#938179,#816257
2019-12-15,75Playingwithstylii3.jpg,#fefefe,#cccccc,#939393,#505050,#0b0b0b
2019-12-15,74Morepotplants8.jpg,#fefefe,#cecece,#9c9c9c,#626262,#222222
2019-12-21,72Wrinkly3.png,#ffffff,#c7c7c7,#909090,#525252,#242424
2019-12-22,70Ghost6.jpg,#c2c3b9,#b4b0a4,#a7998b,#977c6c,#865f4d
2019-12-26,69Christmasmarkets2.jpg,#c9c5bb,#b4afa5,#9f988f,#877e75,#6c645c
2019-12-27,68Needascarf5.jpg,#c8c0b5,#ada69a,#978f81,#817668,#62454f
2020-01-17,63Quicklines9.jpg,#c8d6dc,#b8c7cc,#a8b8bc,#a2a2a3,#908787
2020-01-18,62Mmmmmboats1.jpg,#d7d0c9,#c1b3a7,#ae9c8e,#a0816f,#8b5e46
2020-01-19,61WalkingalongtheMekong2.jpg,#ddbd9d,#d0ac89,#c18e68,#aa6d44,#8f4920
2020-01-20,60ReallygettingintoKhmerarchitecture3.jpg,#cde1ef,#b8c2cd,#a7a6ae,#96848b,#826064
2020-01-20,59Thinkthere-samonasteryattheendofmystreet0.jpg,#cddae1,#aebec5,#a0a6ac,#927f82,#7a5556
2020-01-24,56FinallymadeittoAngkorWat3.jpg,#d6d1c3,#d4c9b8,#cbbcaa,#c3aa96,#b0907c
2020-01-24,55More-from-around-Angkor-Wat1.jpg,#c5c9c9,#aca6a3,#998983,#83665e,#1d1c1d
2020-01-24,58Reflections-on-a-thousand-Buddhas9.jpg,#b6b4ae,#a9a7a1,#9b948d,#8a7e77,#6d6359
2020-01-25,51SomemorefromAngkorThom8.jpg,#d1d9d7,#b7bab8,#a4a29d,#978b85,#86655a
2020-01-25,53AngkorThomtoday3.jpg,#c5c8c4,#b4b5b1,#a9a6a0,#9d958e,#8f7f77
2020-02-01,48Reallylovingtheremorque-sinCambodia1.jpg,#cac0af,#bcae9e,#ab9583,#9b7764,#504235
2020-02-04,45IwenttoafarminSiemReap-3.jpg,#acaaa2,#a29c92,#9c8f84,#927e72,#87695b
2020-02-08,44ArrivedinBangkok1.jpg,#b3bbb5,#a8a7a1,#989690,#8f8078,#836359
2020-02-20,43Liltree6.jpg,#ccd9e3,#b6c0c7,#a2adb4,#a58887,#8f6360
2020-02-20,42Cafecat1.jpg,#c3c3bb,#afa9a1,#9a8675,#705b3f,#372510
2020-02-21,41Mouseinprofile2.jpg,#dde3eb,#cec9c9,#bfaca7,#ae897d,#37262b
2020-02-22,40Whyarehandssohard-6.jpg,#c8c0b8,#b8a494,#84786c,#4a2b33,#1d1723
2020-02-26,39Doesn-tlikegreentea6.jpg,#b1aea5,#a09c93,#8e8074,#5e5a56,#2c2f34
2020-03-01,38Britishcarday0.jpg,#c4cacd,#b0afab,#9a8a84,#66564f,#2f180d
2020-03-04,35Attheembassy3.jpg,#fcfcfc,#cfcfcf,#979798,#59595b,#1e1e1f
2020-03-04,36Financier2.jpg,#fdfdfd,#cacaca,#959595,#585859,#1c1c1e
2020-04-04,34Purpleperiod8.png,#fefcfe,#ead0ed,#d7a6dd,#bd7ec5,#965d9d
2020-04-12,32Elementary0.jpg,#fdfefe,#bbd4e5,#7da9ce,#5587b1,#346893
2020-04-12,33AtticusPunding5.png,#fefeff,#bad2e7,#80aad1,#4c87bc,#1a5898
2020-04-14,31Scribblingtomediocrity3.png,#fdfefe,#e0e8ef,#b8cada,#88a7c2,#507fa6
2020-04-15,30Painpoint4.png,#fefffe,#eff6de,#dcebb5,#c3de7e,#a2cb31
2020-04-17,29Subjectsstartingtorundry2.jpg,#fefffd,#e3edc7,#c7db91,#b0ce5b,#94be1c
2020-04-22,28Lockdowndaywhatever5.png,#fefffe,#eaf2d5,#cfe29d,#b4d362,#9dc525
2020-04-23,27Keepsgoing6.jpg,#fefefc,#eef4dc,#dce8ba,#c5d98c,#a8c74c
2020-04-24,26Thespace5.jpg,#fbfcf6,#eff4dd,#d6e5aa,#bdd47b,#a5c445
2020-04-27,24GnT0.jpg,#cdc9c0,#bab4ab,#a19386,#534a42,#0f1014
2020-04-27,25OhDahvid8.jpg,#cfbea9,#bea690,#a88771,#5d4f42,#0d0c0a
2020-05-05,23DefinitelynotKierkegaard7.jpg,#b8b7a9,#aa9a89,#947968,#433f37,#0d0f11
2020-05-06,21Gotanewbrushpen2.jpg,#dcccbb,#89adae,#786a5a,#1482a3,#322d2b
2020-05-06,22S-rennotS-ren9.jpg,#c9c6b9,#bba18f,#a67c62,#4c4a45,#121412
2020-05-07,20Inamood2.jpg,#c9c4b8,#a49787,#897660,#323136,#0c0d0e
2020-05-07,19Whiterabbits7.jpg,#c8cac5,#b1aba0,#a18471,#7f5f4c,#0f0f11
2020-05-10,18Selfie-1.jpeg,#bdc1c2,#ada69d,#938071,#4c4d40,#14180f
2020-05-11,16Selfie-2.jpeg,#cdc8be,#afaaa1,#8f887b,#636160,#161719
2020-05-12,15Selfie-3.jpeg,#c8c8c5,#b5b2ad,#95938e,#757066,#0d0e14
2020-05-13,14Selfie-4.jpeg,#c3bdb2,#aaa398,#8c8275,#504c45,#0d0d0f
2020-05-17,13Sittingbythedockofthebay.jpeg,#c6c8e1,#c0b5c8,#af9ba7,#4f4d3f,#1b1c15
2020-05-22,11Shannon.jpeg,#d2b7a3,#bca491,#a89180,#80746d,#1d2231
2020-05-22,12Selfie-5.jpeg,#cebca6,#b1a79b,#898d89,#676661,#2c2a35
2020-05-23,8Selfie-6.jpeg,#cecdc9,#b3b1ab,#9b958c,#544b4b,#1e130e
2020-05-25,7Hmph.jpeg,#cec0af,#b4ac9e,#c08f48,#868b89,#2b2021
2020-05-27,6Laksaman.jpeg,#cdbb9c,#baa98b,#a8977b,#746652,#211f17
2020-06-02,5Ku-rvi-Tasch.jpeg,#cac1b2,#b2ab9f,#7f8789,#403026,#150d0b
2020-06-19,4ahoandmaho1.jpg,#c3bcb4,#afaeab,#798e98,#466679,#131224
2020-06-26,3Bitexxyd.jpg,#afbccc,#9ba5b2,#6382a1,#817b76,#362416
2020-06-27,2Yorkedd-1.jpg,#bfb7a7,#aea89d,#8c9090,#6f7477,#20150d
2020-06-28,1Straussindahausss.png,#ffffff,#e0eec1,#bedb7f,#9cc83e,#7cb604
2020-06-29,0Yorkedagain1.jpg,#e4b9a5,#cfa794,#a7806c,#624b4c,#2d1927
2020-07-07,Indoor-palm.jpeg,#adc0d3,#a6adb6,#8f9ba7,#747b7e,#261510
2020-07-08,Sower2.jpeg,#d7d0c4,#c0b9ab,#8b867e,#5d574e,#392414
2020-07-08,2020-07-08-14.26.59.jpg,#c5c2be,#b1aba2,#99948f,#746657,#322014
2020-07-08,Sowerred.jpeg,#c5c0b7,#b08f82,#996455,#7b402c,#312013
2020-07-09,Dickinson.jpeg,#c5c4ba,#bba592,#ca754e,#59403a,#391a0f
2020-07-13,Selfie7.jpeg,#cac1b4,#a9a9a3,#6c5b48,#513823,#351d0c
2020-07-14,Fancy.jpeg,#c3c0bb,#aba6a0,#918e88,#706b64,#3f2a1b
2020-07-14,Gogh2.jpeg,#c3bfb9,#aeaaa4,#868d8e,#58493b,#352012
2020-07-26,Chinbutt.jpeg,#c9c9c6,#b1b0ac,#939089,#70634f,#462c17
2020-08-02,Study1.jpeg,#bab9b3,#abaaa6,#a09f9c,#8b837b,#2f2015
2020-08-02,Study2.jpeg,#ccc8c0,#b1afa9,#98948d,#787269,#423731
2020-08-02,Pipedin.jpeg,#d1b7a0,#9c938b,#c67255,#596f76,#422917
2020-08-03,Desk.jpeg,#cbcac5,#b4afa8,#938f89,#6c6861,#372a1d
2020-08-03,Inlila.jpeg,#d3bfa9,#b29893,#947175,#794754,#372214
2020-08-08,Flowerpot.jpeg,#ccc8bf,#afaba4,#979186,#78746c,#534f47
2020-08-09,Monk.jpeg,#c6c1b6,#adacaa,#91908d,#6f6c67,#351e11
2020-08-12,Sleepingbenny.jpeg,#d2cfc8,#afada7,#86837e,#5b5653,#1b1811
2020-08-15,Hatchingmarket.jpeg,#adb6d4,#8c94ae,#676f7d,#484641,#1c1b17
2020-08-18,Coffeewaiting.jpeg,#c0c4c1,#a1a3a0,#796e6c,#534444,#23171b
2020-08-19,Broadwaterboat.jpeg,#b2b6b6,#c0ac92,#999b9c,#82665c,#654136
2020-08-20,Grandma.jpeg,#cfc7b8,#beb5a5,#a79e8d,#6f7278,#2f3141
2020-08-22,Singing.jpeg,#c7c8c5,#a7a7a5,#848481,#5d564c,#381f0e
2020-08-23,Flowerpot-2.jpeg,#cbcac7,#b0afab,#86847f,#5a5852,#372315
2020-08-25,Cafeman.jpeg,#cbccc7,#b9b9b3,#91918d,#635c57,#382f2d
2020-08-28,Omabreakfasting.jpeg,#9bb3e4,#889bca,#66779d,#2f353f,#0d0f15
2020-08-29,Covidtests.jpeg,#b2bbe5,#969bbd,#73768f,#4d4f60,#2b1e1b
2020-08-29,Windowchallenge1.jpeg,#c2c2d2,#afafbe,#90919f,#696a75,#2b2a2c
2020-08-29,Coldbrew.jpeg,#cccccb,#b7b7b3,#818280,#424242,#0f1113
2020-08-30,Windowswap2.jpeg,#d2c9bc,#aba195,#857a6f,#5b534a,#4d2711
2020-09-03,Midtone-portrait.jpeg,#c6bdaf,#aba294,#8b8378,#636160,#3f3128
2020-09-03,Romewindowsketch.jpeg,#c2bfb9,#c09875,#8a7c6c,#655646,#2b1e15
2020-09-07,Tonedmouse.jpeg,#e4ad8d,#cb9575,#a6785f,#7c5643,#62341f
2020-09-30,Phnompenh.jpeg,#c6c4be,#aba28d,#878062,#655236,#502712
2020-09-30,Untitled.jpeg,#c6c3bb,#d6906c,#9c9d8f,#816e55,#532c15
2020-10-01,Graphfish.jpeg,#d6cec3,#a29e95,#686461,#925231,#533426
2020-10-02,2020-09-30-13.56.03.jpg,#d9d8d4,#bcb6af,#9d9790,#625e5a,#432314
2020-10-02,Annaswindow-2.jpeg,#d1cfc9,#afaaa4,#84807b,#54514d,#512510
2020-10-04,Abdulrahmansroom.jpeg,#d9d7d0,#b7afa3,#84817c,#63564d,#5c3018
2020-10-11,keels.jpeg,#d8cdbe,#b5ab9c,#756c63,#6b3e22,#4a2814
2020-10-23,Arteest.jpeg,#dad5cc,#a3a5a4,#7a7774,#55524f,#4d2515
2020-10-24,2020-10-25-08.17.46.jpg,#d6c6af,#9a9d9e,#4c647f,#56270d,#311206
2020-10-31,53DAF7A4-8DEB-403E-B082-51E949B9EB8A_1_105_c.jpeg,#cac3b8,#b1aa9f,#8f887c,#653b22,#461e0d
2020-12-19,Cue.jpeg,#c7b197,#9b8773,#847262,#554032,#241109
2021-01-15,Grocery.jpeg,#b6cae0,#a4b5c9,#7f8ea3,#525d74,#192031
2021-01-24,Couple.jpeg,#e2e2e2,#bebebe,#8a8a8a,#383838,#101010
2021-04-18,Ferry.jpeg,#bdcdd7,#8f9fb1,#6d707b,#4a4850,#241920
2021-04-18,Streetcornercafe.jpeg,#dad7d1,#adaaa5,#8a7e76,#4e5761,#272c35
2021-05-10,Mushy3.jpeg,#c1b8aa,#aea292,#9d8c7e,#867669,#52514d
2021-05-23,Pidegons.jpeg,#d5d4cf,#adaca9,#818081,#5b5151,#401d12
2021-05-31,Cap.jpeg,#98948a,#837c71,#6c6457,#564a3b,#4c3116
2021-11-26,Mouse-again.jpeg,#b1c5d9,#8d9cad,#656a75,#47454e,#171928
2021-11-27,Gradients_face.jpeg,#abc8e9,#88a8cf,#5f7799,#445470,#152847
2021-12-09,Notmoving.jpeg,#d6d6d3,#aeadaa,#827a6d,#4e4c4a,#222020
2021-12-09,Light.jpeg,#d1cebf,#b9b7aa,#948e80,#605f58,#3d2d16
2021-12-26,Head3.jpeg,#d5d0c6,#aaa18b,#bb4c2d,#7d5f38,#342017
2021-12-26,Face-2.jpeg,#d4cebe,#ccab32,#7d8c7b,#786234,#321f14
2022-02-22,2202morningpracticeface.jpeg,#dbd1c5,#caad87,#9d8162,#684d35,#2f2219
2022-05-26,69041e4d81.jpg,#d0b78f,#b39164,#64696b,#734721,#232f42
2022-05-29,c6f5344e76.jpg,#deccb5,#d5b890,#b39876,#7f705e,#4e483f
2022-05-31,48887f9617.jpg,#e0d0b7,#ceae8c,#a48f78,#6f665a,#343332
2022-06-04,b35c6645f6.jpg,#c3c6d4,#a3a6af,#7e8186,#514742,#181618
2022-06-04,8cff78b343.jpg,#b2c1e4,#93a4c0,#6e7885,#474248,#1c1d2b
2022-06-05,22ed8a7c65.jpg,#d3d2cb,#b1afa9,#97908c,#7c6c60,#403330
2022-06-06,fba62392a3.jpg,#c9c4b7,#b0a595,#9c8f79,#786a5a,#5c432d
2022-06-08,c7b08bd764.jpg,#cacbc9,#b4b2ac,#959396,#71696b,#5e493b
2022-06-09,22333f115f.jpg,#ded3bd,#cfac91,#ba9070,#8f6851,#5e3a2e
2022-06-10,54b6324344.jpg,#e4c4a8,#b49683,#9b5d36,#75635b,#453734
2022-06-12,ad8002b7da.jpg,#dad8d2,#cab29f,#a68c7a,#866852,#3f3e40
2022-06-14,76af109ba3.jpg,#e4c6c0,#d5ad95,#ad7261,#9b5946,#3d3134
2022-06-16,03598547cb.jpg,#cdc6be,#b0a69b,#b7737c,#877974,#705646
2022-06-17,a1a332fc74.jpg,#dcd3c0,#cabca6,#8d7971,#7b5132,#474445
2022-06-20,de86768dcc.jpg,#cdccc7,#afb2ac,#72797f,#4b4b4d,#212225
2022-06-22,b0ee13ae4c.jpg,#ded4c1,#cbbca5,#a1938c,#866d5c,#5b4840
2022-06-30,449685c884.jpg,#c6ccd1,#a8a593,#744e53,#50322c,#381418
2022-07-17,ff74067ebb.jpg,#d3d2cc,#8ea1b9,#67788d,#374252,#101827
2022-07-21,0633ff9c88.jpg,#d5d4ce,#b8b0a4,#9a9183,#7c6a5c,#513520
2022-07-31,9f975ce5b9.jpg,#c6d0db,#9ea5a3,#736a61,#4d3831,#261c19
2022-08-06,20b80c15d7.jpg,#d2d3dd,#a2a2ab,#727371,#444736,#1d2018
2022-08-14,8f66ee0fc9.jpg,#d6d6da,#aaa9ad,#706e6f,#473c33,#100d0b
2022-08-23,0d78144ebd.jpg,#d0d4e1,#a3a4af,#767781,#4b4d4c,#0b0d11
2022-08-23,719b1a493e.jpg,#dfd1bf,#b9a994,#91794d,#6e562b,#3b301a
2022-08-23,98abf826f2.jpg,#8caef0,#718ec8,#516a9e,#42415b,#2f2537
2022-08-26,0866e14f37.jpg,#c7cee1,#b4bace,#808290,#593442,#3b0f1b
2022-08-27,58f2b47be4.jpg,#d4d4cf,#aeada7,#817e76,#654b2a,#38230f
2022-08-28,ec522f97ed.jpg,#d3d3cf,#aaa89d,#835c34,#654223,#3b2511
2022-08-28,4c11f1c672.jpg,#d3d1c9,#bab6ad,#97938a,#5f5c4e,#502c0f
2022-09-03,0c85263293.jpg,#cdceca,#bdbebb,#a1a19f,#797977,#333634
2022-09-04,d3b8f0afb1.jpg,#d0d0cb,#b5b3ac,#938e85,#69635a,#3f3931
2022-09-07,ab65b14961.jpg,#d6d7d8,#c2c1bc,#8f8d8b,#685948,#533720
2022-09-07,2c0c21041c.jpg,#d7cfbf,#bdb5a6,#a29a8d,#7b5532,#532e12
2022-09-07,eeb8306561.jpg,#dad8d1,#a09e99,#6d6a68,#865b3b,#533723
2022-09-11,047539495b.jpg,#d7d7db,#9f9fa1,#7c736c,#604f40,#382b1f
2022-09-11,879fb0c471.jpg,#becce6,#9caac2,#69798f,#383f4b,#1c222e
2022-09-11,ae4a2986aa.jpg,#cecdcb,#979696,#6b6966,#46443d,#181713
2022-09-20,89941ee665.jpg,#d7d4cd,#bdb6b1,#cba274,#9a7151,#784b2a
2022-09-22,79b78ee6ac.jpg,#e4e4e5,#afb1b7,#7b7b80,#4b4643,#121011
2022-09-22,d818fe14b0.jpg,#dad9d9,#b4b3b3,#838282,#4e4e4a,#2b2a27
2022-09-23,2f484d4367.jpg,#caced8,#a3a6ad,#818181,#6c6557,#42413a
2022-09-25,c6fd065784.jpg,#c2c1bd,#9a9995,#6e6e6a,#3b422f,#121a0a
2022-09-25,f6da0a760a.jpg,#c1c6d9,#a7abbc,#868586,#664219,#4c2907
2022-10-01,1f4ba01297.jpg,#d2d2d0,#b4b4b3,#8f8e8f,#646265,#31312f
2022-10-01,d3aa0b0ca4.jpg,#d1d2d0,#aeb3a5,#80837a,#494d3d,#181e0d
2022-10-02,2f5ec9184a.jpg,#d2d1cd,#afb2b0,#888886,#58585b,#111418
2022-10-08,8ca8d8832a.jpg,#cdcdca,#bdbdba,#8b8c89,#5f5f5d,#19191a
2022-10-09,9d82fa35ac.jpg,#c4ceea,#8d96b6,#6c738e,#4f4f53,#1e1b1d
2022-10-10,524827789a.jpg,#d0d5db,#b2b5b6,#898888,#585758,#16181a
2022-10-11,87c3ebf03a.jpg,#cecfcc,#afb5a6,#8c9168,#6e532b,#542d0a
2022-10-15,9f99c14dbf.jpg,#cdd4de,#a9a7a4,#717072,#525255,#2f2f2f
2022-10-30,53973A7F-F147-46CB-ADEC-4D01A774C743_1_105_c.jpeg,#d5ddec,#a7b5bf,#969871,#616848,#262f18
2022-10-30,70E4BA8B-6459-44BC-874D-7C866B83F903_1_105_c.jpeg,#b6c2ce,#bcb57c,#83836a,#494d38,#171f0d
2022-12-03,geelong_pier.jpg,#d5d7d7,#a9b5bb,#848486,#524341,#120d0e
2022-12-12,office-still-life-12.jpg,#c5c6c3,#b2b0a6,#969484,#7f764a,#413422
2022-12-13,against-the-window.jpg,#cdcfd7,#b6aa9f,#987e6d,#775d4a,#613a13
2022-12-18,sunny-vic-gardens.jpg,#bcc4dd,#9ca5b9,#7b838d,#545b60,#2f3136
2022-12-24,221224-lifeguard-tower.jpg,#ccd1da,#b1ad78,#a0a8ab,#76776f,#464744
2022-12-25,221225-christmas-at-the-beach.jpg,#cdcfcd,#c8c286,#97a0a2,#696461,#1c1817
2022-12-25,221225-surfers-paradise-cityscape.jpg,#b0cadc,#96a6b9,#7c8797,#5e6672,#3b414b
2022-12-27,221227-queen-st-mall.jpg,#ccd1d6,#b8b5af,#8e8d8b,#6e6b56,#332b2b
2023-01-06,230106-victoria-st-melbourne-cityscape.jpg,#c8d8e6,#a2b1be,#81908b,#5a6e57,#252e32
2023-01-07,230110-queen-vic-markets-again.jpg,#c0d0e5,#9bacc5,#798890,#4e5a6c,#293244
2023-01-27,fed_sq_ice_cream.jpg,#acbde3,#8d9ab2,#626c88,#3f3847,#18111f
2023-01-28,2301_quick_twelve_apostles.jpg,#c7cee2,#aaafbc,#85858f,#6e6258,#483d33
2023-01-31,2301_hobart_gpo.jpg,#c6cad2,#a2a4ab,#7a715d,#514c41,#131212
2023-02-01,2302_hobart_boats.jpg,#cad0dc,#b4bbc8,#80828a,#5b5a5d,#302525
2023-02-02,2302_hobart_harbour.jpg,#c4cce2,#a2a8bc,#797c8f,#4f5264,#2b120f
2023-02-05,2302_hobart_markets.jpg,#e2e1df,#c0b9ad,#d39571,#7c726c,#43362e
2023-02-06,2302_lolli_shop.jpg,#cfd6da,#b3b4ac,#949e8b,#707278,#2b2e31
2023-02-06,2302_waiting_for_mona.jpg,#d3dae4,#b1b8c4,#8b8f97,#60656c,#38393c
2023-02-06,2302_salamanca_strip.jpg,#afc5e8,#97a898,#767d75,#464142,#11121a
2023-02-07,2302_port_arthur.jpg,#cad0d9,#b2b79a,#8d8f72,#5b5954,#1b1b1f
2023-02-11,2302_spirit_of_tasmania.jpg,#c8cfd7,#a5abb4,#868b95,#706267,#4c3b3f
2023-02-26,purple_head.jpg,#c9c2b4,#ac999b,#8f7a83,#756165,#472e1c
2023-02-26,uncle_e.jpg,#b2c1e0,#98a3c2,#697695,#353d35,#12170e
2023-03-17,4561_2023_7e4c61a426.jpg,#dad4e0,#b98db1,#95678a,#433e44,#121419
2023-03-17,230317_yellow_and_blue.jpg,#bdc6dd,#a4a6ab,#7a7d99,#515068,#1d202a
2023-03-20,230320mouse-in-a-hat.jpg,#d6d5d1,#ceba7e,#b7b7b8,#7c736f,#332b2a
2023-06-09,230610-petronas.jpeg,#ccd0d6,#aeb1b5,#8d8f94,#626365,#373837
2023-06-10,230613-ipoh-train-station.jpeg,#cecfce,#b9b9aa,#929181,#686a54,#1d2116
2023-06-11,230612-ipoh-shopping.jpeg,#d5d1c4,#baac9b,#988d81,#706962,#423a39
2023-06-11,230611-ipoh_coffee.jpeg,#d3d0c4,#bdafa4,#95867f,#6a5d50,#3c2c1b
2023-06-13,230613-ipoh-french-patisserie.jpeg,#cbd1db,#a9aaa2,#868377,#635d52,#1a2013
2023-06-14,230614-the-alley.jpeg,#abc4e5,#8c9db5,#6b788f,#4c5368,#2a262e
2023-06-19,230619-penang-breakfast.jpeg,#cdcbc3,#a69f9d,#ae905d,#7a6e68,#55473a
2023-06-20,230620-escaping-the-heat.jpeg,#d5d4cb,#b4aea1,#958d80,#776b5a,#463923
2023-06-21,230621-penang-town-hall.jpeg,#a5beda,#93a7bb,#828c81,#5a6362,#25282a
2023-06-22,230623-the-hotel.jpeg,#d4d4d2,#aaa99d,#8b887a,#696459,#2f2d2d
2023-06-23,230622-langkawi-umbrella.jpeg,#ccccce,#adafa1,#8b8877,#665b4a,#402c21
2023-06-24,230624-langkawi-bay.jpeg,#d0d0cc,#b7b3aa,#938f6f,#70613f,#49381c
2023-07-01,230701-kuala-lumpur-last-day.jpeg,#d9dad3,#adb0ad,#898a7a,#5f6054,#282321
2023-08-02,bluemouse.jpeg,#d7d1c3,#a2a3a2,#506572,#6a5841,#30312e
2023-08-13,marketsagain.jpeg,#c6c9c9,#a9a8a3,#92836f,#745b43,#3f2b19
2023-09-24,finallysunny.jpeg,#d5d8d6,#a6aaae,#777c83,#504e4a,#0d0f11
2023-09-25,atasting.jpeg,#d8c5a5,#ac9d89,#82776a,#4e473d,#1a140c
2023-10-04,dodge.jpeg,#93b6df,#7894a9,#707a72,#3b5e8c,#1e304b
2023-10-06,231006-mcdonalds-flinders.jpeg,#d5d7d5,#b0b0ae,#89888a,#5b5a5b,#13151b
2023-10-08,231008_streetball.jpeg,#98b7e1,#7c96b9,#5e708a,#434e5f,#141c2b
2023-10-13,bendigotown.jpeg,#d0d8dd,#afb3a5,#888c7a,#5e5f57,#2e2e2e
2023-10-24,couplemoreinktobers.jpeg,#c1c4c5,#a7a49f,#8d8982,#696764,#3e3d39
2023-10-25,dagger.jpeg,#b7c1cb,#9ea47c,#8b99a6,#6a6b73,#3f4349
2023-11-09,231109_scratchy_beard.jpeg,#dadbd7,#bcb5ab,#8b7f73,#6c5b4c,#1a1a14
2023-12-20,231220-melbourne-trams.jpeg,#a2c6db,#8babbb,#748d99,#5e727b,#395159
2024-01-12,240124-sydney-ferry.jpg,#cccbc4,#aaaaa7,#90918f,#6e6b60,#463931
2024-01-14,240114-sydney-opera-house.jpg,#c8d0d6,#afb3b2,#898f91,#545048,#1e1f20
2024-01-15,240117-misty-sydney-cbd.jpg,#bbc7d2,#9dadbe,#808f9b,#423535,#150c0c
2024-01-25,240125-melbourne-trams.jpg,#dfe0d8,#a8a6a2,#868482,#61605e,#251e18
2024-01-29,240129-the-knitter.jpeg,#b0c1c3,#a7a493,#9d806f,#87574f,#0e1213
2024-02-04,240204-blue-earrings.jpeg,#b8c8ce,#ab9989,#9c6b50,#6e675e,#1a1e20
2024-04-02,240402_decided-to-challenge_counter.jpg,#a3a3a4,#b99f3e,#a07f21,#836311,#242423
2024-04-13,240413_yet-more-phones_counter.jpg,#a5b3c1,#8b847f,#5883b6,#9a3227,#3b4c60
2024-04-15,240415_morning-coffee_counter.jpg,#a7c4d8,#9e9381,#6c87a4,#4b5b6f,#36332a
2024-04-17,240417_morning-coffee_counter.jpg,#d4d4c8,#99a0bc,#747ba3,#545574,#252320
2024-04-18,240418_red-and-yellow_counter.jpg,#cfd2d5,#b18269,#bc6138,#78342d,#2a2323
2024-04-22,240422_i-scribbled-a_0.jpg,#abc1dc,#be9347,#7f86a6,#4b5070,#241f28
2024-04-25,240425_its-getting-cold_1.jpg,#c6c8c4,#b2b4b0,#818a94,#917f40,#1b1916
2024-04-25,240425_its-getting-cold_0.jpg,#c7cac9,#94896c,#5b789d,#68624e,#090a0b
2024-04-27,240427_maybe-i-should_0.jpg,#cbccc8,#b8acab,#977b7e,#76605e,#100f0e
2024-05-07,240507_i-got-a_0.jpg,#caced2,#a5a19a,#bb9c50,#745857,#0d0c0c
2024-05-08,240508_even-more-uggs_0.jpg,#b3c0d8,#768da6,#917141,#545553,#0c0f17
2024-07-09,240709_beating-the-heat_0.jpg,#e1ded0,#c0bea3,#98977a,#6e674f,#403026
2024-07-10,240710_had-another-crack_0.jpg,#dcdfdd,#b5b4a8,#9c7f69,#3b3637,#080809
2024-07-11,240711_last-full-day_0.jpg,#d8d3c5,#b2aa89,#88846e,#65604a,#34322d
2024-07-14,240714_130013_0.jpg,#d3d2ce,#b0aeaa,#8e8a82,#5f5c58,#31271e
2024-07-14,240714_escaping-the-hu_0.jpg,#d1d0cb,#a5a39e,#726f6a,#97491f,#383028
2024-07-18,240718_sitting-in-a_0.jpg,#bcc7d1,#a2aab4,#7d828a,#555457,#241e1b
2024-07-19,240719_pretty-sparkling-day_0.jpg,#b7c2c3,#a1a99c,#736d5f,#4e4637,#171610
2024-07-25,240725_sending-a-whoooooole_0.jpg,#cbcfcf,#a8aaa7,#787671,#89522c,#543319
2024-07-26,240726_some-very-serious_0.jpg,#c2bcb3,#b8ae9f,#9f9586,#80786c,#504a42
2024-07-26,240726_food-here-has_0.jpg,#d5d6d1,#b6b5af,#928d82,#605c53,#292520
2024-07-27,240727_we-went-on_0.jpg,#c7cbca,#b1b2b0,#8f8f8c,#6c6b68,#383735
2024-08-03,240803_flicking-through-my_0.jpg,#d3d3ce,#bdbdb7,#99968f,#656562,#2f302e
2024-11-22,bafkreidom5jvw4ypacxefa2aewm6y5p6bslim76cvylm7cd554lxt6whta.jpg,#b2bfcc,#a2aab6,#848794,#666062,#1d2432
2024-11-27,bafkreia4ssm6lbrlpxoedsh5hmbyqkvbv66wbgptj2r4ymh3itvhkoxf6y.jpg,#d2cab6,#b6af9c,#7b7569,#3d3d3a,#121010
2024-12-07,bafkreiduwnov34bdc3xg52wcjzdn2ooqkh4mkeace7putoxomvdobz4rpi.jpg,#c5d4e0,#a7b0b6,#8b8c8c,#606565,#232c1f
2024-12-17,bafkreid5a5reckocx2qcniwerhdp4dwydfjpxt7t3ffautvykcvtl6yzzy.jpg,#e6d3b0,#b7b6b3,#a8a59f,#968e86,#5c4637
2024-12-17,bafkreiemva6yjipucqyw6mmmhfmn4kayggsk4q3lflic3ebawsb4onneii.jpg,#bab9b5,#a19b94,#7c766f,#56453a,#251f19
2024-12-30,bafkreic275kgovi3vqn3c7xp6kqxv5rrxxncdje7nvoynlqlxe6f73qnmy.jpg,#cbd3de,#a3aba5,#90a052,#64646e,#2a272a
2024-12-31,bafkreig5j2vebtrqlkqrdlzsefmjkmlpbnuh62ya5wctgbyzfdq2sw4lwi.jpg,#9bc0e9,#9ca5ac,#848788,#556268,#151016
2025-01-03,bafkreidmbjltf2nxbsgigcchdlezt7mlmk27cexlxkgbrewgqeoiuisgoq.jpg,#d8cbbb,#b5a792,#898367,#5a4d3a,#271e17
2025-01-07,bafkreiarifdfezdzscs465pttrxcp6hxfbmxzc3qsoacvoj2ui7szkhanu.jpg,#9ec0ea,#92add2,#8094b3,#56657d,#11111c
2025-01-07,bafkreicaxng7rciambfh73mnrvjg66jp7wxw2ra55qnkpsgavtcqjtcgay.jpg,#97b8e4,#aaa887,#9e8255,#8f5442,#34201b
2025-01-08,bafkreidt47phj6q3vqo7ip3jmcatdpzn3jxa2bsun27mwe6hv6g4jhlogu.jpg,#cecfcf,#b8b6b2,#9b9792,#706a64,#38302b
2025-01-11,bafkreidcm6czys6c2te4ij3beqgzl2uxpvrgzxvsalr2t63syhdxeoocoa.jpg,#bdd0e9,#aebdd8,#7f8e9b,#4b5968,#151b24
2025-01-13,bafkreiavkzuadkjsizjnqzonvtrukoumpicikhobq35ccy2r46rurkmury.jpg,#c7c3bf,#a3a2a3,#7c7b7a,#555453,#27272c
2025-01-14,bafkreifzv2lszrui2n4u7276dwojmd4ntagvlpmk35qml3h5f2pbp34mje.jpg,#bebfc0,#aba9a5,#948e87,#806140,#442b14
2025-01-14,bafkreie4agxnzoys3cwrfbgwnhefes2oe4fw3j6y6r3ppatkmnwfvx7mii.jpg,#cdcac7,#b0afae,#8f8d8b,#605f5d,#292727
2025-01-15,bafkreiawirpmqbgahp6ws3zp3zmadhfuchzyj2iejkxeyy7y2jnmyrrkdq.jpg,#d2cfcc,#bebdb9,#a09f9d,#6a6966,#2c2b2a
2025-01-18,bafkreifeodtx7x4rdggzyuuqknmbsenqugdvugz57laiq2yv3xuoxttbym.jpg,#c5c1b3,#7bafd0,#8b847b,#575453,#262930
2025-01-18,bafkreifp6vs6vhbyhgehxt4sl6lkphcgaapqkbfchk64mhtavwvmpfh2cu.jpg,#c5d1e0,#a9b4c1,#777d83,#574f4d,#2a2a2e
2025-01-19,bafkreihv22yuyc3hvtid4mhrsqzxuluptakbibhysyhccyjahcc2eroane.jpg,#d9d5ca,#a1a386,#7b7d6b,#4a4b48,#1a1a1f
2025-01-21,bafkreigkrz3hy7tg2q2sqpw5mvcycerdgzyqndn4niv35ixjr72akhwk6u.jpg,#d2d0ce,#bebbb8,#9c9b99,#6c6a65,#302f2b
2025-01-22,bafkreifsetrlsr2lamr4joyktj5dffdpkje6hqfp7duxa2gbn3z4xrckey.jpg,#d3d0cb,#b9b7b5,#979796,#646462,#2f2e2e
2025-01-23,bafkreieyj3wi5k5lzrjdo6wjq52crjdklhvjwypffpblyvon5teuawl37e.jpg,#d2d2d1,#bcbcbb,#959391,#626260,#2e2e2e
2025-01-26,bafkreiej2fcddcozpjn76gq6c4vjkoi77yekzulaacpngbkilpntffk4ri.jpg,#d4d2cf,#bfbeba,#a1a09f,#6f6e6b,#31302e
2025-01-26,bafkreielepiii3lhuzunv6bhhrgc3kstq2ta7azgks7bywkf3w27gu7ine.jpg,#d6d5d5,#b6b6b3,#9a9691,#6d6c6a,#3f3f3e
2025-01-27,bafkreicr5unhvjhowwbgslkcfbxfaycndnoun5mzsifvbxuzkw7waq4pxe.jpg,#d6d3ce,#b6b4b3,#8d8c88,#5f5e5a,#292826
2025-01-27,bafkreibv5an37ukpotsuk6ozwz5bnqy36zpv5drj36iqpjyfhgpz5xgedy.jpg,#bcc0c1,#9d9e9d,#838382,#5f5d59,#2d2b28
2025-01-28,bafkreicvajiu2xpie757fg73ryly6pscw5fydnmvjvo3f7mydth5v23xo4.jpg,#a6a29d,#908d89,#797671,#5d5247,#392d23
2025-02-02,bafkreibagajg422thxmsm3whnn62ljatqljenme2cftlxwtt3yzibooksa.jpg,#cbccca,#b5aba1,#928f8c,#8b6c51,#5d4836
2025-02-03,bafkreianhrlqffrejkbypzl4ft443uchujn35bp3pyerwyvk3du3reogg4.jpg,#cbcac9,#bab8b6,#9f9e9d,#6b6967,#2d2d2b
2025-02-03,bafkreig4pdhewhknafuwvdwjxrziqjh3bf7hckjsl4obs66v2kvfq7lxc4.jpg,#8694a2,#737880,#615d5c,#403f3e,#251b13
2025-02-04,bafkreihfimsrznttr4cak2dh7wgmymohgm2av4nehhbu5jhn2jolhq4fwi.jpg,#ceccca,#bbb9b6,#9e9e9c,#666664,#2b2b29
2025-02-07,bafkreidykr2v3frrerxscpgn3jzmngtmhjm3o6bd2jbpometuuasuehxiy.jpg,#bdcad9,#a4adba,#828388,#635b59,#44352d
2025-02-11,bafkreiha44zujrbyr3m34rhjnksggnonx2pal3dhiiteu4zxfmfka5oswm.jpg,#cccccb,#b8b7b5,#9b9a98,#6b6a67,#353431
2025-02-11,bafkreiebe4cdzj5eoovpgpf25yri6a3gcbe3pz4bepvd6ibquy22ihyb2u.jpg,#cbc8bf,#aca597,#7e7c73,#54513c,#1a2112
2025-02-15,bafkreibjxvcws5wsfi6yug2z4gtdzupoivdddmz6rln5ory6vmbunpdvzq.jpg,#c6c9cb,#adaead,#95908b,#716860,#423b35
2025-02-16,bafkreiei77op7j722bmmog2seyui6pr43avosu6yvzbmlwudbnbbptxw6u.jpg,#d6d7d9,#b6b6b7,#878788,#3c3b3e,#0b0a0b
2025-02-17,bafkreia6eotf2r2muln2bhbvyvlkgjfggp6dc6wxiovfzj2r4hdyb2s2ke.jpg,#dbdbdc,#bebcbb,#939192,#616164,#303134
2025-02-19,bafkreibtlejecofwqirvedc2v74mdt2xjwkzkgrayfjbomfef46l7z2bia.jpg,#d7d6d2,#b9b7b3,#92908d,#625d5f,#342c2d
2025-02-21,bafkreia23prbu62q2zpof7b7icwut2nj56hd3guoc6lbq7ekwxwfnc2yry.jpg,#d5b49a,#9e8a7c,#74635a,#523c31,#311b13
2025-02-22,bafkreifxrseccug67ejdswjb22mabkwevqvu34uqs3wmjwg6y2qgvei54a.jpg,#abb6bc,#b3926d,#7d8187,#7d5e40,#4c3621
2025-02-25,bafkreif4qkwp5bmg26gd7jcmkkpd2rfkrw63yjjjio6lsn5h3ctvwar3e4.jpg,#bac4d2,#949aa4,#6a6f78,#333842,#0a0d17
2025-02-25,bafkreidiulqpjtwpf4dijnmtdqhbu76avl5aifq53tjv75yt3gm4kdskna.jpg,#d0cdca,#adaba9,#83827f,#53524f,#1d1c1b
2025-02-26,bafkreicw4ifcems6b5tqzv77ksrcvp7f6cidja6ajthiwqa22kk62vrhmu.jpg,#cbcbc9,#b4b2af,#959592,#666663,#252423
2025-03-09,bafkreicmocizke57lx7km6s3jgq22bzyuwsnaplbqrsa5crgdykctmxeza.jpg,#cccbc5,#b9b7b1,#9a9896,#a97d50,#605556
2025-03-15,bafkreibyjhbznaxx4lnyld6nskzxaqwnj5nuk56acwwgmlajkai5elnfoe.jpg,#c9d1d7,#b4b8bd,#808386,#534e42,#2d281b
2025-03-15,bafkreihz2wcjo5uommgz2swurmj4jsiekua4ts4uhsrimweg4bqyupgiya.jpg,#d2d6da,#b9bcbf,#8d8f92,#5b5952,#2f2d21
2025-03-24,bafkreicdxqaeouggybbwkcaby5dvituaq7ys5linpqphznvzbe75b2qzze.jpg,#d2dddd,#9fc4e2,#6f7474,#4b494a,#1b1518
2025-03-26,bafkreifc3r5x6fjmhgz3mrgobdaqrc5odzs6uvun3y56pz52d4ygej7dkm.jpg,#c0c7cd,#a6afb8,#7b818c,#61656a,#292c2e
2025-03-28,bafkreih6bii6kwjaqzl3un3e6kub2keh3vqfv7f24tkwte23wgo4ngsuyq.jpg,#c5cacd,#adafb1,#958f8b,#7c746f,#39393a
2025-04-01,bafkreiboonfy427hsfwa7qnfuv6jmgzglcynjkjjmu7ebx3hqm34ifsasa.jpg,#bbbbb7,#b1a89b,#8f7e6c,#795737,#302d2a
2025-04-05,bafkreidl6upcj6jrcaa3fs7nmigq7di6qibbssarfuwhfflnlhlz23t27m.jpg,#b6c1cf,#a5acb5,#7a868e,#4c5a60,#222e33
2025-04-06,bafkreigajuqrsuhizl2o7zjnqqxgiaewiy7pz7ozpcxxhcgg4tvdfcn3gi.jpg,#b8cce6,#aab7c9,#929baa,#5c6573,#1d2332
2025-04-07,bafkreic234z5jouw2tfttxd74ewzwjttlgz6wi6dzhrxttynxlzxpfigxm.jpg,#cac6bd,#aeaaa1,#85736c,#4d5151,#252424
2025-04-14,bafkreia7ubg37z7wdu43yyyqrgduzyzszvlp6bnczz3ezmonhx6pnedase.jpg,#cfcdcb,#b6b3b0,#91908d,#656561,#31302d
2025-04-16,bafkreihgtw3ucii5m4upwhgdez5roog223jksdmpyeto5oj275qvxk3c2i.jpg,#aac6ec,#a49c93,#82807d,#595355,#26251e
2025-04-20,bafkreidkzwp5z5em7ewoshhanv6ygizghpwthkfdh3jm4od76liw2ymm7i.jpg,#d6d1cd,#b2a095,#796054,#443226,#1b120c
2025-04-22,bafkreib64zsamf3z2s23bmrigo457riaqgpzj7zvihwbwjl5yvftljo6zq.jpg,#c2c4c4,#a5a4a1,#848481,#585958,#2d2f32
2025-04-22,bafkreiguhe3o4mo4t3zc57kmsn7hqfaykc3zpc3gof74mxrmhqnrlpc4au.jpg,#bdbebe,#a5a5a2,#979692,#646462,#2f2f31
2025-04-22,bafkreibqz3qf75acrar5errmqc2j3xa5e2aavqqedlqgiegcbwzhvzkmcy.jpg,#b9baba,#a8a8a6,#95948f,#60615f,#303233
2025-04-22,bafkreicl2imkfbef5lpbrhom7ii2wtns6xbvlpftfgfhdqiezpih5kdgly.jpg,#bfc1c1,#adaead,#91918d,#616261,#303235
2025-04-27,bafkreienav57dzge35lh27gghnpa5nlnqdzewhyvhbntbutl6yxa2jnriq.jpg,#d9d8d4,#b4aa99,#837967,#545244,#232412
2025-04-28,bafkreiczvpd7jhejsge5vgt3jpaf6z4l77oyo3gktup463phtvgijgvxzm.jpg,#c6c8c3,#a6a9a6,#837f7c,#84531c,#514e50
2025-04-29,bafkreid73zhsfql5vyowutndcif4xmtohyw7lpggad7onvhuyo6olhbzha.jpg,#b9d3e4,#9bacbb,#68819e,#566261,#3a3b33
2025-04-30,bafkreid7tiarnbkoc3ydwoouys55hae5irpttrax7mszhgjddfadrlkhdu.jpg,#e8dbd9,#e0b08a,#bc8958,#69452f,#160e0c
2025-05-01,bafkreiahgmv5awj7ln5eaxpc5yec3hndyadid23wgie5ply42ijl7t2kou.jpg,#eae5d9,#bcb7ac,#9f9484,#7e6d5f,#46302b
2025-05-02,bafkreigt4pi45mgmw27wbqj4jurdztpr2kuctrya7imxseu5yoc3wmzcka.jpg,#c7b8aa,#b0836f,#8e8986,#6d5e59,#211d1c
2025-05-03,bafkreiejo4lybmte3ukzglh2vou6t5mcqcsdzztb4z33dt7dmg577sbpam.jpg,#ada399,#669ae0,#3f77c4,#74644f,#24292b
2025-05-05,bafkreiamgekie2fpvpehuynwfaic3ck5jbvnubebls37gmivgnrcew2mdu.jpg,#d7d3c3,#b4ac9a,#998a72,#77604f,#38261d
2025-05-07,bafkreidt4dywgkpgutce3ej2clieqwa6bn3iq7an7ez6qh5lfvf7ji4vee.jpg,#939daa,#a38369,#745c51,#4e3b36,#181213
2025-05-10,bafkreih7gjb5gdshhw6a5sdd2vkitdlv3ox2jw5ega4coffehjkxvqax7y.jpg,#83afde,#6a88b0,#606c80,#3f506c,#1c2a41
2025-05-12,bafkreiferxq3oxvfuur3upd4qqjd4l25esllnwhmt5oiec6hpqng5eznw4.jpg,#ecc8a9,#bcaea3,#908c8a,#525862,#2f2f32
2025-05-13,bafkreiauxw5n6prhjmphzu3jioktkxmqt5p65jn5cuhyimwc3ffgm3zigq.jpg,#f0b55e,#c2b9b1,#8dc3f0,#72767a,#464047
2025-05-18,bafkreiclttl5ligykag5vnflkrs62fj47kdxcidc53sklxprqyl4jd3due.jpg,#c1b9ad,#9a9387,#776d65,#4f4948,#29262a
