img_path,Width,Height
55More-from-around-Angkor-Wat1.jpg,340,255
231220-melbourne-trams.jpeg,340,255
2Yorkedd-1.jpg,340,453
bafkreiggpdsfkg6xvw43ggvptygg6pa63miw7n7cnr4upb4aadcdksnobi.jpg,340,255
bafkreiej2fcddcozpjn76gq6c4vjkoi77yekzulaacpngbkilpntffk4ri.jpg,340,255
bafkreig4pdhewhknafuwvdwjxrziqjh3bf7hckjsl4obs66v2kvfq7lxc4.jpg,340,255
231008_streetball.jpeg,340,453
59Thinkthere-samonasteryattheendofmystreet0.jpg,340,265
bafkreienav57dzge35lh27gghnpa5nlnqdzewhyvhbntbutl6yxa2jnriq.jpg,340,453
d3b8f0afb1.jpg,340,452
240418_red-and-yellow_counter.jpg,340,453
14Selfie-4.jpeg,340,453
bafkreigigvcemuoo5bbbqj6gkxlzfg2nahtl2pyvzzlgahklsj4skhskfu.jpg,340,255
230619-penang-breakfast.jpeg,340,453
Coldbrew.jpeg,340,453
bafkreifxrseccug67ejdswjb22mabkwevqvu34uqs3wmjwg6y2qgvei54a.jpg,340,255
90Gotsomenewcolours9.jpg,340,453
240129-the-knitter.jpeg,340,453
Head3.jpeg,340,453
41Mouseinprofile2.jpg,340,453
230611-ipoh_coffee.jpeg,340,453
76af109ba3.jpg,340,453
18Selfie-1.jpeg,340,453
bafkreifjwfiknztnsemjjcyjr7axqxffhh3tsu4asw7x6odc4nbu22nq24.jpg,340,255
Monk.jpeg,340,453
keels.jpeg,340,255
bafkreihub4aom7oggnhi2kurh6mdbzsgtjf3xtfr2cp47le7sxmc3tuttq.jpg,340,453
82BeenwatchingafairbitofDisney5.jpg,340,497
bafkreiauaanyfhmp7uccte66wflrlaupwxbw5nlyjhsapxewmm75cscaca.jpg,340,453
99GalleFacewiththeportinthebackground------1.jpg,340,255
bafkreidkzwp5z5em7ewoshhanv6ygizghpwthkfdh3jm4od76liw2ymm7i.jpg,340,255
a1a332fc74.jpg,340,453
blueyellow.jpg,340,489
240719_pretty-sparkling-day_0.jpg,340,453
56FinallymadeittoAngkorWat3.jpg,340,208
bafkreiemva6yjipucqyw6mmmhfmn4kayggsk4q3lflic3ebawsb4onneii.jpg,340,453
bafkreiex6uj7szqnrf3lc4q5fd3njdc5rfls4x4ysgbxr4tcn2moydno2a.jpg,340,453
bafkreiazjfc5omemlktrwrsij4qij4qmdxwmn56hdiha7txsgvjank3doi.jpg,340,453
purple_head.jpg,340,453
Sleepingbenny.jpeg,340,255
bafkreibtxtcpmufmbutpcj45swuxciuxjm4jk6xkz227hrxjwvlpj567zm.jpg,340,255
2302_hobart_harbour.jpg,340,255
117SomekindofministrybuildinginPrague--------7.jpg,340,214
bafkreicaxng7rciambfh73mnrvjg66jp7wxw2ra55qnkpsgavtcqjtcgay.jpg,340,469
240413_yet-more-phones_counter.jpg,340,453
98abf826f2.jpg,340,453
marketsagain.jpeg,340,255
bafkreic234z5jouw2tfttxd74ewzwjttlgz6wi6dzhrxttynxlzxpfigxm.jpg,340,453
Graphfish.jpeg,340,255
9f99c14dbf.jpg,340,255
0Yorkedagain1.jpg,340,453
bafkreid73zhsfql5vyowutndcif4xmtohyw7lpggad7onvhuyo6olhbzha.jpg,340,255
0633ff9c88.jpg,340,255
bafkreicxbdykrgbdrvbss7jaygeykfeejagtbgfgxtv5crskkp7k4prezq.jpg,340,255
bafkreia4ssm6lbrlpxoedsh5hmbyqkvbv66wbgptj2r4ymh3itvhkoxf6y.jpg,340,453
03598547cb.jpg,340,453
bafkreidulydfvj7twlfkida3trbwz7tuceidk2hhnrm4gr3rk5amfz4mna.jpg,340,453
42Cafecat1.jpg,340,453
bafkreihqf3xp5tnmxmb3m27n4qsupj7jcpkhcodia47k42nf2qc76mlmcq.jpg,340,255
bafkreigmholr3d26cvcad332kujgati3lwifrnlw7cncln5ol5wyrskm2e.jpg,340,453
22ed8a7c65.jpg,340,453
107LovingthesetreesliningthestreetsinBudapest------0.jpg,340,453
94Atthebar9.jpg,340,453
84Hatman3.jpg,340,453
bafkreieyj3wi5k5lzrjdo6wjq52crjdklhvjwypffpblyvon5teuawl37e.jpg,340,255
bafkreic275kgovi3vqn3c7xp6kqxv5rrxxncdje7nvoynlqlxe6f73qnmy.jpg,340,453
58Reflections-on-a-thousand-Buddhas9.jpg,340,459
240714_escaping-the-hu_0.jpg,340,255
c6fd065784.jpg,340,255
bafkreiezqrzhdcr4clrcsvelctkbc6baxwxasv53w5zuynqreqcayyqgfq.jpg,340,255
bafkreiaist7i2on52yxk7ib74gdi4rter4mwhvgckt7rudxclgxagndlcu.jpg,340,236
bafkreifj5hf3khvfwnqnonclnh5sc5e6hegxrsm5gk5b7igichmkrt3mmu.jpg,340,453
104--------1.jpg,340,518
48887f9617.jpg,340,453
bafkreih2d6hc6m42vvvffm5avzmgxkrpxnejghk7emnqptpkaboqaralkq.jpg,340,252
27Keepsgoing6.jpg,340,442
2202morningpracticeface.jpeg,340,255
Selfie7.jpeg,340,453
112BeersbytheriverinBratislava------5.jpg,340,254
bafkreidp4q52h2fnd4v7clz6vic72ltxq6wqennynqg3njwwakcgvjsisy.jpg,340,453
bafkreifc3r5x6fjmhgz3mrgobdaqrc5odzs6uvun3y56pz52d4ygej7dkm.jpg,340,453
240709_beating-the-heat_0.jpg,340,350
89941ee665.jpg,340,453
bafkreiawirpmqbgahp6ws3zp3zmadhfuchzyj2iejkxeyy7y2jnmyrrkdq.jpg,340,255
couplemoreinktobers.jpeg,340,255
240508_even-more-uggs_0.jpg,340,453
20Inamood2.jpg,340,453
240125-melbourne-trams.jpg,340,453
31Scribblingtomediocrity3.png,340,452
bafkreicbtb2ukmkiy4tu642bwkuolyykmomc4i6l5my3qp23ch3qcy7m3e.jpg,340,453
12Selfie-5.jpeg,340,382
221227-queen-st-mall.jpg,340,255
bafkreicwivlo4oowql2b5g24ugslaaxasb52zs4tcsbslne6euom6csbxa.jpg,340,453
2302_spirit_of_tasmania.jpg,340,255
Phnompenh.jpeg,340,255
2302_hobart_boats.jpg,340,255
43Liltree6.jpg,340,453
240427_maybe-i-should_0.jpg,340,453
bafkreickngshyrlldojxnacpksidqihsmb4misoyecwauwpeckjttml6zi.jpg,340,453
2020-07-08-14.26.59.jpg,340,453
4561_2023_7e4c61a426.jpg,340,453
bafkreictzaz4oeshhzwuyzbz55qtieuopnatijpqbknebn5nfsycyxaqry.jpg,340,255
83Schucks2.jpg,340,453
Hatchingmarket.jpeg,340,255
bafkreidykr2v3frrerxscpgn3jzmngtmhjm3o6bd2jbpometuuasuehxiy.jpg,340,255
Sower2.jpeg,340,453
bafkreiarifdfezdzscs465pttrxcp6hxfbmxzc3qsoacvoj2ui7szkhanu.jpg,340,255
69041e4d81.jpg,340,452
231006-mcdonalds-flinders.jpeg,340,453
bafkreibv5an37ukpotsuk6ozwz5bnqy36zpv5drj36iqpjyfhgpz5xgedy.jpg,340,255
bafkreihhzksklqyyz5dh444fwwuvbm5shpaaqyma7tszc43e4ji4jcgbiu.jpg,340,453
60ReallygettingintoKhmerarchitecture3.jpg,340,248
34Purpleperiod8.png,340,452
240725_sending-a-whoooooole_0.jpg,340,255
bafkreiefxe7lep2gil4hh4q6ny4hvjgaloyjvhy7rye2idwp44fhnvugce.jpg,340,453
240425_its-getting-cold_0.jpg,340,255
Mouse-again.jpeg,340,453
bafkreiasucistwpt5erdxie6pb6x24nzzaonqi3wkcg5ljofhjrj4qzr24.jpg,340,262
bafkreicw4ifcems6b5tqzv77ksrcvp7f6cidja6ajthiwqa22kk62vrhmu.jpg,340,255
32Elementary0.jpg,340,368
bafkreicdxqaeouggybbwkcaby5dvituaq7ys5linpqphznvzbe75b2qzze.jpg,340,255
bafkreiantx5m3rlbydm766kbhwvijwpdlvenzvgcgctmz42wpajeasocum.jpg,340,255
bafkreiadktvycjf3cqgb7kk7seimpmnlbjxrtvpqgquimkqc6zavp3atu4.jpg,340,453
129Beforeandafter--------b.jpg,340,453
Pidegons.jpeg,340,255
36Financier2.jpg,340,474
221225-christmas-at-the-beach.jpg,340,255
240711_last-full-day_0.jpg,340,363
81Ihopeitwilllast8.jpg,340,462
bafkreigt4pi45mgmw27wbqj4jurdztpr2kuctrya7imxseu5yoc3wmzcka.jpg,340,453
bafkreibagajg422thxmsm3whnn62ljatqljenme2cftlxwtt3yzibooksa.jpg,340,255
bafkreifn65ub4emx5rqmp5dlnrpdagyayy5etf4io5oowfsmon2covoiuu.jpg,340,453
2301_hobart_gpo.jpg,340,255
Romewindowsketch.jpeg,340,240
bafkreiferxq3oxvfuur3upd4qqjd4l25esllnwhmt5oiec6hpqng5eznw4.jpg,340,425
40Whyarehandssohard-6.jpg,340,453
bafkreihvpxtzipierol7cpe4elqajjuzemeh4bhereq76c2veoknmk5x7m.jpg,340,453
bafkreidiulqpjtwpf4dijnmtdqhbu76avl5aifq53tjv75yt3gm4kdskna.jpg,340,255
de86768dcc.jpg,340,255
230613-ipoh-french-patisserie.jpeg,340,255
bafkreiaeub4caojotuxlszvptqugdng22shrwy66udchzcwlz3cev52y2a.jpg,340,453
Flowerpot.jpeg,340,453
115Waitingfortheartgallerytoopen--------9.jpg,340,219
bafkreiarmnd426qm2jj2cpsyafegwkunnq3qu2ugs2nqpihzlp7272hcm4.jpg,340,453
39Doesn-tlikegreentea6.jpg,340,453
240114-sydney-opera-house.jpg,340,255
bafkreicl2imkfbef5lpbrhom7ii2wtns6xbvlpftfgfhdqiezpih5kdgly.jpg,340,453
bafkreih6bii6kwjaqzl3un3e6kub2keh3vqfv7f24tkwte23wgo4ngsuyq.jpg,340,453
bafkreiajbdjqo2qrunm4dzshfpxcnhwnbm3jsqcyy4ctwsxzt36wp6gt3e.jpg,340,453
geelong_pier.jpg,340,238
131Warsawisdamnprettytbh------0.jpg,340,503
bafkreicexs4jktj2mmkfcvvkr6porwnobfq4r3xzpqjds6cmwfnlbge4mi.jpg,340,453
bafkreicff7qhcdwfruxfksd7cragyzwnz4asi6c3sd6knohopfvz4ils6u.jpg,340,255
230317_yellow_and_blue.jpg,340,453
8Selfie-6.jpeg,340,453
Inlila.jpeg,340,453
240507_i-got-a_0.jpg,340,453
bafkreidom5jvw4ypacxefa2aewm6y5p6bslim76cvylm7cd554lxt6whta.jpg,340,255
70E4BA8B-6459-44BC-874D-7C866B83F903_1_105_c.jpeg,340,255
bafkreicdcwgb4qner6qo5o4brwrhuemwersqqoclcca7qfqq7inpxi7wry.jpg,340,255
bafkreidcm6czys6c2te4ij3beqgzl2uxpvrgzxvsalr2t63syhdxeoocoa.jpg,340,453
113MesittinginthesuninBratislava------c.jpg,340,453
Light.jpeg,340,453
Coffeewaiting.jpeg,340,255
2302_port_arthur.jpg,340,255
230110-queen-vic-markets-again.jpg,340,235
bafkreiajvvczzuema74zcb27ibpit5hy3jdcix4eupcdsiykj3jvks6aym.jpg,340,453
bafkreiev5dc7tcrp34aivvj4ygn3oaadds5i32wmretsognmijazjwp5ey.jpg,340,453
Grandma.jpeg,340,453
bafkreibjxvcws5wsfi6yug2z4gtdzupoivdddmz6rln5ory6vmbunpdvzq.jpg,340,255
bafkreidt4dywgkpgutce3ej2clieqwa6bn3iq7an7ez6qh5lfvf7ji4vee.jpg,340,425
87c3ebf03a.jpg,340,255
sunny-vic-gardens.jpg,340,249
8ca8d8832a.jpg,340,453
96Mouseinthehouse9.jpg,340,453
240718_sitting-in-a_0.jpg,340,453
bafkreicvajiu2xpie757fg73ryly6pscw5fydnmvjvo3f7mydth5v23xo4.jpg,340,453
95Scribblingaprofileishard4.jpg,340,453
bafkreibj7u4rxw6lb2axwlb7yjb3xdhlmkwcdrzzmdobolwur3s4j4u75u.jpg,340,236
53973A7F-F147-46CB-ADEC-4D01A774C743_1_105_c.jpeg,340,255
240417_morning-coffee_counter.jpg,340,453
879fb0c471.jpg,340,453
15Selfie-3.jpeg,340,453
97Morningcoffee5.jpg,340,453
75Playingwithstylii3.jpg,340,678
106Boughtsomeorangecrayons--------4.jpg,340,489
2302_lolli_shop.jpg,340,255
Notmoving.jpeg,340,453
Annaswindow-2.jpeg,340,255
9d82fa35ac.jpg,340,453
69Christmasmarkets2.jpg,340,234
bafkreihmk53usjimj5jdecbwekxji3au62gho3xp6tsckkard5s26taz6i.jpg,340,453
118TheOverlookHotelPraguepalace------5.jpg,340,220
88Omah8.jpg,340,453
9f975ce5b9.jpg,340,255
Pipedin.jpeg,340,453
bafkreicr5unhvjhowwbgslkcfbxfaycndnoun5mzsifvbxuzkw7waq4pxe.jpg,340,260
bafkreiha44zujrbyr3m34rhjnksggnonx2pal3dhiiteu4zxfmfka5oswm.jpg,340,255
Flowerpot-2.jpeg,340,453
Sowerred.jpeg,340,453
Gradients_face.jpeg,340,454
240727_we-went-on_0.jpg,340,255
2302_waiting_for_mona.jpg,340,255
dagger.jpeg,340,241
bafkreiboonfy427hsfwa7qnfuv6jmgzglcynjkjjmu7ebx3hqm34ifsasa.jpg,340,453
108AnotherviewoftheTempleofStNicholas-yup-------1.jpg,340,254
Dickinson.jpeg,340,453
fba62392a3.jpg,340,255
63Quicklines9.jpg,340,496
ec522f97ed.jpg,340,453
38Britishcarday0.jpg,340,255
bafkreiehh4mn5egryx42avaxpa7opofx66uqf57e3uxkysbfywqnwmssdi.jpg,340,453
44ArrivedinBangkok1.jpg,340,435
bafkreih225cxm7w3bzrzwrpu2hi5aew4lqxepaplxpmfmqkgll3sfmnqmi.jpg,340,453
240425_its-getting-cold_1.jpg,340,255
33AtticusPunding5.png,340,452
bafkreib64zsamf3z2s23bmrigo457riaqgpzj7zvihwbwjl5yvftljo6zq.jpg,340,453
bafkreigovyvdsczxrxffddtkwss667wleyjr3xwmfqaywr7pdg2j5j3y54.jpg,340,425
4c11f1c672.jpg,340,453
bafkreid7tiarnbkoc3ydwoouys55hae5irpttrax7mszhgjddfadrlkhdu.jpg,340,255
Mushy3.jpeg,340,453
230701-kuala-lumpur-last-day.jpeg,340,453
bafkreiey6qtn2xtphkveb7x4ldu7oq7rlsqtckdqbfldfs635ledbl63te.jpg,340,453
ff74067ebb.jpg,340,453
109TheclocktowerinBratislava------1.jpg,340,208
240124-sydney-ferry.jpg,340,453
100Cat-------1.jpg,340,453
bafkreifzv2lszrui2n4u7276dwojmd4ntagvlpmk35qml3h5f2pbp34mje.jpg,340,453
bafkreia23prbu62q2zpof7b7icwut2nj56hd3guoc6lbq7ekwxwfnc2yry.jpg,340,255
72Wrinkly3.png,340,453
105TryingsomenewcolourcombinationsinBudapest------1.jpg,340,224
bafkreic7wlnguopt4qyyoauzp5bqnezocycdmyvavzuuhgfycqeixc47ge.jpg,340,255
22333f115f.jpg,340,453
bafkreianhrlqffrejkbypzl4ft443uchujn35bp3pyerwyvk3du3reogg4.jpg,340,255
Ferry.jpeg,340,255
Gogh2.jpeg,340,453
bafkreig5j2vebtrqlkqrdlzsefmjkmlpbnuh62ya5wctgbyzfdq2sw4lwi.jpg,340,255
bafkreih7gjb5gdshhw6a5sdd2vkitdlv3ox2jw5ega4coffehjkxvqax7y.jpg,340,425
c7b08bd764.jpg,340,453
48Reallylovingtheremorque-sinCambodia1.jpg,340,213
bafkreibfag23ypdhj7nucqn5hpcgkxfgaliv6pbxwp362iursnbuzojhh4.jpg,340,255
Covidtests.jpeg,340,255
2302_hobart_markets.jpg,340,243
230622-langkawi-umbrella.jpeg,340,453
b0ee13ae4c.jpg,340,453
bafkreig7mwkri7cii4lsf2d7b5y45ricnpyqsleun2p4tbjs3zwpxs6j7a.jpg,340,255
25OhDahvid8.jpg,340,453
13Sittingbythedockofthebay.jpeg,340,243
102I-llsingyouasongasongofthesea--------1.jpg,340,340
3Bitexxyd.jpg,340,453
bluemouse.jpeg,340,453
98Coolglassesbro------3.jpg,340,480
bafkreiahg6cum5xsy4qti3ezkwkhgdheyihf5puvgopougel25rugnkjta.jpg,340,236
230320mouse-in-a-hat.jpg,340,453
bafkreigajuqrsuhizl2o7zjnqqxgiaewiy7pz7ozpcxxhcgg4tvdfcn3gi.jpg,340,453
f6da0a760a.jpg,340,255
29Subjectsstartingtorundry2.jpg,340,299
62Mmmmmboats1.jpg,340,249
bafkreibtknfhjjhnmyzyq3wz34d45gpvoyrezrqjwyc4rv22glngz55iba.jpg,340,255
64InKualaLumpurafteralongtime7.jpg,340,478
bafkreidcm772nxcggw75zkao4rvgdyg5s4or3227ijbkqv3utlt4a7fkqy.jpg,340,453
6Laksaman.jpeg,340,452
bafkreigkrz3hy7tg2q2sqpw5mvcycerdgzyqndn4niv35ixjr72akhwk6u.jpg,340,255
bafkreiglauhzpmtvwm5f3wqecbc6lnrjerm7dnznferjzauwjfe4diknmm.jpg,340,453
7Hmph.jpeg,340,461
122AcoupleofdaysbytheVltavariverinPrague------c.jpg,340,230
finallysunny.jpeg,340,255
bafkreigrevojqaznfxtgvatpn7sa7g6uyntscfo4wsctawr5qcwv5zxqai.jpg,340,453
Tonedmouse.jpeg,340,453
240422_i-scribbled-a_0.jpg,340,255
bafkreiawxkpqchr4s56zpg3tqku6eayruyz5pxwqmosnrazwp66dc3ebdi.jpg,340,255
Grocery.jpeg,340,255
126CouplemorefromKrakow--e.jpg,340,228
bafkreie4agxnzoys3cwrfbgwnhefes2oe4fw3j6y6r3ppatkmnwfvx7mii.jpg,340,255
bafkreiahgmv5awj7ln5eaxpc5yec3hndyadid23wgie5ply42ijl7t2kou.jpg,340,255
58f2b47be4.jpg,340,255
Cue.jpeg,340,255
bafkreigvfnqp6lyqqdrhn5scenc3nqtadbwz2qgcadlcao7nj6ouewlnyu.jpg,340,453
bafkreife5bquxp6djdljtwzbhvyifojipsczrzzcolyj3xqf52m6eelway.jpg,340,453
28Lockdowndaywhatever5.png,340,452
bafkreiaadq6d4zo7tymk43g5mmpukdwaxkwbsej3yyusg5txopyg6oiytu.jpg,340,453
2f484d4367.jpg,340,453
35Attheembassy3.jpg,340,465
uncle_e.jpg,340,453
d3aa0b0ca4.jpg,340,453
bafkreia7ubg37z7wdu43yyyqrgduzyzszvlp6bnczz3ezmonhx6pnedase.jpg,340,255
30Painpoint4.png,340,453
53AngkorThomtoday3.jpg,340,234
bafkreidl6upcj6jrcaa3fs7nmigq7di6qibbssarfuwhfflnlhlz23t27m.jpg,340,453
4ahoandmaho1.jpg,340,453
Study1.jpeg,340,453
11Shannon.jpeg,340,453
bafkreiauxw5n6prhjmphzu3jioktkxmqt5p65jn5cuhyimwc3ffgm3zigq.jpg,340,425
0c85263293.jpg,340,453
bafkreihz2wcjo5uommgz2swurmj4jsiekua4ts4uhsrimweg4bqyupgiya.jpg 19-55-42-909.jpg,340,255
bafkreiegc43gpncysaah2gaqp7agmp6uue3rpu6lpg2bbr5nlubcdfy6ua.jpg,340,255
89Lipsss6.jpg,340,453
Streetcornercafe.jpeg,340,255
230623-the-hotel.jpeg,340,255
70Ghost6.jpg,340,470
127KrakowKathedral--therearetoomanybuildingstodrawinthiscity------5.jpg,340,453
134ScribblingfromDublincastle--------3.jpg,340,273
bendigotown.jpeg,340,453
bafkreiei77op7j722bmmog2seyui6pr43avosu6yvzbmlwudbnbbptxw6u.jpg,340,255
bafkreibqz3qf75acrar5errmqc2j3xa5e2aavqqedlqgiegcbwzhvzkmcy.jpg,340,453
22S-rennotS-ren9.jpg,340,453
53DAF7A4-8DEB-403E-B082-51E949B9EB8A_1_105_c.jpeg,340,453
103BackinLondonforafewdays------1.jpg,340,539
bafkreic72di6pzk7p3krkcuf42b6wdaf6xmdxdymsy57hnpsnjrye74fxy.jpg,340,453
0d78144ebd.jpg,340,453
Fancy.jpeg,340,453
bafkreiekbjfwkcmxkcmnx4gnhlmc4ik5jqpn5uvp62ykffhxvn4eo33foe.jpg,340,453
Couple.jpeg,340,240
bafkreidmbjltf2nxbsgigcchdlezt7mlmk27cexlxkgbrewgqeoiuisgoq.jpg,340,255
c6f5344e76.jpg,340,453
240415_morning-coffee_counter.jpg,340,453
fed_sq_ice_cream.jpg,340,255
2302_salamanca_strip.jpg,340,255
85Atthelibrary6.jpg,340,453
230106-victoria-st-melbourne-cityscape.jpg,340,441
bafkreihz2wcjo5uommgz2swurmj4jsiekua4ts4uhsrimweg4bqyupgiya.jpg,340,255
dodge.jpeg,340,453
Abdulrahmansroom.jpeg,340,255
bafkreifeodtx7x4rdggzyuuqknmbsenqugdvugz57laiq2yv3xuoxttbym.jpg,340,453
Midtone-portrait.jpeg,340,453
bafkreid5a5reckocx2qcniwerhdp4dwydfjpxt7t3ffautvykcvtl6yzzy.jpg,340,453
19Whiterabbits7.jpg,340,453
bafkreic32ovjga7zwt54dcwi4jbd3bmszehnjxsgnoxx5dt7jkfuseiqh4.jpg,340,255
51SomemorefromAngkorThom8.jpg,340,255
80Squareeyed8.jpg,340,481
24GnT0.jpg,340,453
230621-penang-town-hall.jpeg,340,453
bafkreigukuefemeoplp62ay63yak5ou3pcvaabskrrt4pdlelckwfwfiqq.jpg,340,453
8f66ee0fc9.jpg,340,453
bafkreigzaa4guiyswcwops5ioeatyeg3mwra7enxtposdfssfpeb5uhbw4.jpg,340,453
bafkreiduwnov34bdc3xg52wcjzdn2ooqkh4mkeace7putoxomvdobz4rpi.jpg,340,255
Cap.jpeg,340,453
bafkreihgtw3ucii5m4upwhgdez5roog223jksdmpyeto5oj275qvxk3c2i.jpg,340,453
5Ku-rvi-Tasch.jpeg,340,453
54b6324344.jpg,340,453
Cafeman.jpeg,340,453
21Gotanewbrushpen2.jpg,340,453
230613-ipoh-train-station.jpeg,340,255
221224-lifeguard-tower.jpg,340,255
bafkreiahqu4didr6x5tl4o4w4r2fdgbove3xdjpjt4gkfn42yqut6l4vty.jpg,340,453
bafkreiclttl5ligykag5vnflkrs62fj47kdxcidc53sklxprqyl4jd3due.jpg,340,425
bafkreidpxkyafq2q37ae66tumqdgyiymzxyipsk2amrq4gx2jphdg7ti5i.jpg,340,407
bafkreiguhe3o4mo4t3zc57kmsn7hqfaykc3zpc3gof74mxrmhqnrlpc4au.jpg,340,453
office-still-life-12.jpg,340,255
2c0c21041c.jpg,340,453
Broadwaterboat.jpeg,340,255
bafkreidt47phj6q3vqo7ip3jmcatdpzn3jxa2bsun27mwe6hv6g4jhlogu.jpg,340,255
221225-surfers-paradise-cityscape.jpg,340,453
0866e14f37.jpg,340,453
ae4a2986aa.jpg,340,254
79b78ee6ac.jpg,340,453
1Straussindahausss.png,340,453
Desk.jpeg,340,244
Windowchallenge1.jpeg,340,255
230624-langkawi-bay.jpeg,340,254
bafkreihv22yuyc3hvtid4mhrsqzxuluptakbibhysyhccyjahcc2eroane.jpg,340,255
bafkreibyjhbznaxx4lnyld6nskzxaqwnj5nuk56acwwgmlajkai5elnfoe.jpg,340,453
74Morepotplants8.jpg,340,377
b35c6645f6.jpg,340,453
against-the-window.jpg,340,453
240803_flicking-through-my_0.jpg,340,255
61WalkingalongtheMekong2.jpg,340,453
26Thespace5.jpg,340,255
230610-petronas.jpeg,340,453
bafkreiej2fcddcozpjn76gq6c4vjkoi77yekzulaacpngbkilpntffk4ri.webp,340,255
047539495b.jpg,340,255
Chinbutt.jpeg,340,453
bafkreihxbu2e3funxfohkas3b4p5ghcywdszfcekn73skz3ysu3olqn2zi.jpg,340,453
bafkreifsetrlsr2lamr4joyktj5dffdpkje6hqfp7duxa2gbn3z4xrckey.jpg,340,255
240402_decided-to-challenge_counter.jpg,340,453
bafkreibfusipy6crdd34kh2ognop6jfohvv3lgp474bfz5agdlka2ndf2e.jpg,340,255
atasting.jpeg,340,453
d818fe14b0.jpg,340,255
bafkreiejo4lybmte3ukzglh2vou6t5mcqcsdzztb4z33dt7dmg577sbpam.jpg,340,453
86Flatness3.jpg,340,471
bafkreidwgdgjlqtur245vvvxlgi5v35av57zeclx3c7lkjtmbiwwrca47m.jpg,340,255
240204-blue-earrings.jpeg,340,453
bafkreiebe4cdzj5eoovpgpf25yri6a3gcbe3pz4bepvd6ibquy22ihyb2u.jpg,340,255
bafkreidigdrapkcxz625lixzsyiolf2slfo757t4h5bhnlauaa2z4mqdou.jpg,340,236
Singing.jpeg,340,255
bafkreibljxmr4nuu7kpx5mvrhjhw2yzuzgylgstcbcvps7lwlgvcuwilfu.jpg,340,453
bafkreibjtz2fmhrr5u2vx74wdrlwhttosouhne4h55mvj4jwsgmjxznxzm.jpg,340,339
240714_130013_0.jpg,340,255
ab65b14961.jpg,340,459
111MorningfromBratislavaCastle--------1.jpg,340,253
16Selfie-2.jpeg,340,453
bafkreihv5hk3v77rwvualocepst3x7dxpv2nbj7nqlaodn3nxkck6caygi.jpg,340,453
bafkreiahlvm7g2khb7bnw3mj4vlwdjtja57ro2nodni3qqbgfuswill4rq.jpg,340,453
bafkreickplyzs7xo4bm7sqeaes2jgyxyfhdurrvtvbiffnxfxxkwdzjbdu.jpg,340,255
240726_some-very-serious_0.jpg,340,255
719b1a493e.jpg,340,453
bafkreiavkzuadkjsizjnqzonvtrukoumpicikhobq35ccy2r46rurkmury.jpg,340,255
bafkreidncv2uufjnvqcqsh66pppwjjrgkbel5vusyd6x67vzqt2ynfd75u.jpg,340,453
132Sawaguywithpigtailsinhisbeardf.jpg,340,465
230612-ipoh-shopping.jpeg,340,453
230614-the-alley.jpeg,340,453
20b80c15d7.jpg,340,255
bafkreia6eotf2r2muln2bhbvyvlkgjfggp6dc6wxiovfzj2r4hdyb2s2ke.jpg,340,255
bafkreic6qlpz5nkur2g7cagtpirx47ewqmxgesx2yzfurficd47ngynhm4.jpg,340,288
Study2.jpeg,340,453
110TFWyouforgettoleaveenoughroomonthepageforthesteepleofthechurch------1.jpg,340,233
240117-misty-sydney-cbd.jpg,340,255
bafkreibtlejecofwqirvedc2v74mdt2xjwkzkgrayfjbomfef46l7z2bia.jpg,340,453
449685c884.jpg,340,453
Face-2.jpeg,340,453
68Needascarf5.jpg,340,442
eeb8306561.jpg,340,453
524827789a.jpg,340,453
bafkreie32o7ecvdhxnfzcicj5fj4jucvv6xamdejkscyav2eqc6mebjyoe.jpg,340,255
Omabreakfasting.jpeg,340,453
123Toooooorists------8.jpg,340,214
Untitled.jpeg,340,255
Arteest.jpeg,340,453
bafkreielepiii3lhuzunv6bhhrgc3kstq2ta7azgks7bywkf3w27gu7ine.jpg,340,255
bafkreicmocizke57lx7km6s3jgq22bzyuwsnaplbqrsa5crgdykctmxeza.jpg,340,255
231109_scratchy_beard.jpeg,340,453
93Fortrailwaybuses1.jpg,340,255
45IwenttoafarminSiemReap-3.jpg,340,480
8cff78b343.jpg,340,453
bafkreidv3jtzydyi4fsx4ri6d7ck6zdu4jrii5e3yrtvue3iuhoi3iniwu.jpg,340,453
bafkreiczvpd7jhejsge5vgt3jpaf6z4l77oyo3gktup463phtvgijgvxzm.jpg,340,453
2301_quick_twelve_apostles.jpg,340,255
bafkreibsydwc6v77osvsilnhch6yavlbycdhkqmq4c5qpoprmhjzhr4p2y.jpg,340,453
240726_food-here-has_0.jpg,340,255
Indoor-palm.jpeg,340,453
1f4ba01297.jpg,340,254
230620-escaping-the-heat.jpeg,340,453
2020-09-30-13.56.03.jpg,340,255
240710_had-another-crack_0.jpg,340,255
bafkreieomhjonlh27ldb47rxhbf7gatlw6clubvyygwzel4f4vk5qqcquq.jpg,340,255
bafkreifr7epa57rxuyu7aj2hh2ezi7gxck4gwox2qk7oochmiv74behdzy.jpg,340,453
114LastonefromVienna-BelvederePalace------4.jpg,340,212
bafkreif4qkwp5bmg26gd7jcmkkpd2rfkrw63yjjjio6lsn5h3ctvwar3e4.jpg,340,453
bafkreifjqcy2tfifsiasvvfp5ti5mvdjiueuvov247xnbi5bkkc6abupwa.jpg,340,453
ad8002b7da.jpg,340,453
bafkreifp6vs6vhbyhgehxt4sl6lkphcgaapqkbfchk64mhtavwvmpfh2cu.jpg,340,453
2f5ec9184a.jpg,340,255
101Scream------1.jpg,340,442
Windowswap2.jpeg,340,255
23DefinitelynotKierkegaard7.jpg,340,453
116DaybythecanalsinVienna------9.jpg,340,221
bafkreiamgekie2fpvpehuynwfaic3ck5jbvnubebls37gmivgnrcew2mdu.jpg,340,453
bafkreihfimsrznttr4cak2dh7wgmymohgm2av4nehhbu5jhn2jolhq4fwi.jpg,340,255
2020-10-25-08.17.46.jpg,340,453
