post_id,img_path,fetch_date,title
0943768d-6a9a-4142-9671-d7d7263fe760,t5tcvnh81slbpjl25d8kspcnwy4rbw7zdqomyb8amep9nytzgr4ogv208ei.jpg,2026-03-20T06:33:06.085664,Friday
24c558e8-da94-4d49-b073-048c0dbcb7dc,khjxzrxi2q4m5gojct5utygnitpghiyu6oaa92hzvblh98jcu0d7wka42fy.jpg,2026-03-20T06:33:06.103148,Central
5c5a81c5-e7c2-455d-8e9f-69a4d8d28f41,xiyr6ri1dsdw843bp6glci8qxo5w3sqzospdnxwv9b9nxx964z0omtzwbeg.jpg,2026-03-20T06:33:06.122079,Next to the Yarra
2625c860-af90-4e79-bc78-3d84a2b01ac4,98yz26wyzjj2ei9utj5ykfiptd9e1u3rjmycb4tavj3soq9p6on9ibl7x9b.jpg,2026-03-20T06:33:06.141091,The sun was out!!
052d7137-ddf7-460f-9ff5-88b0ab86f1fd,rgxummhtp7miwr2h2z75gnego2a8kae5ivcr1odghybefp0yub9fip237pc.jpg,2026-05-26T09:02:31.188490,Last sunny day for a while
7711c0db-4498-45cc-8172-f7e359572dfa,4wu4qk6t91sjdl6532himo62poz9ktq9ubnvksswyrrm4m46xk9570vhbx1.jpg,2026-05-26T09:02:31.828949,Last sunny day for a while
bc043583-886a-4160-89df-e7231105f2cf,qqcvl26ebm382etgj0eqxlj0slol6o6xwkjhz4djehb1jp7fvxzxfqio1wl.jpg,2026-05-26T09:02:31.989249,Last sunny day for a while
4151a7c7-d0cb-4800-b1ad-be6c4aebbd43,8iww72fe9xt9rpzsu7ylx04angbb27qxi86n25l8xo2vl35mm0l797bed6q.jpg,2026-05-26T09:02:32.150472,Last sunny day for a while
a992760e-010f-4ab4-811a-65bb7248cd23,dk3nrr4vba8fcuj8w8tbe2gxe71876roi2dvr1hwnvdqh6ddgx1am9fi3wg.jpg,2026-05-26T09:02:32.310870,Last of the sunny days
